{"cameraMode":{"drawMode":0,"name":"Shaded","section":"Shading Mode"},"sceneLighting":true,"audioPlay":false,"sceneViewState":{"showFog":true,"showMaterialUpdate":false,"showSkybox":true,"showFlares":true,"showImageEffects":true,"showParticleSystems":true},"in2DMode":false,"pivot":{"x":341.27899169921877,"y":23.605518341064454,"z":210.49185180664063},"rotation":{"x":-0.3078737258911133,"y":0.03425893932580948,"z":-0.011171341873705387,"w":-0.950771152973175},"size":745.8078002929688,"orthographic":false}